Complexity,Loss,Equation
1,0.0004722896,"0.008739468"
2,0.00038826655,"gaussian(bsq)"
4,0.00017027883,"sech(bsq) * 0.5117266"
6,6.413575e-5,"sech(bsq * -0.47314444) * 0.24501066"
