Complexity,Loss,Equation
1,0.0006506703,"0.011490592"
4,0.0005013875,"gaussian(bT * -1.7638875)"
5,0.00028929408,"gaussian(bL) * gaussian(bT)"
7,0.00022923862,"gaussian(bT) * gaussian(bL * 0.75184053)"
9,0.00013495186,"(gaussian(bT) * gaussian(bL * -0.5941866)) * 0.64989656"
11,5.3747444e-5,"(gaussian(bL * -0.5974644) * gaussian(bT * 0.6340742)) * 0.36951917"
